comment,description,introduce,movie_name,serial_number,star
1435148人评价,希望让人自由。,1994/美国/犯罪剧情,肖申克的救赎,1,9.6
1063079人评价,风华绝代。,1993/中国大陆香港/剧情爱情同性,霸王别姬,2,9.6
1308400人评价,怪蜀黍和小萝莉不得不说的故事。,1994/法国/剧情动作犯罪,这个杀手不太冷,3,9.4
1129757人评价,一部美国近现代史。,1994/美国/剧情爱情,阿甘正传,4,9.4
661858人评价,最美的谎言。,1997/意大利/剧情喜剧爱情战争,美丽人生,5,9.5
1070860人评价,失去的才是永恒的。 ,1997/美国/剧情爱情灾难,泰坦尼克号,6,9.3
1056072人评价,最好的宫崎骏，最好的久石让。 ,2001/日本/剧情动画奇幻,千与千寻,7,9.3
589617人评价,拯救一个人，就是拯救整个世界。,1993/美国/剧情历史战争,辛德勒的名单,8,9.5
1131621人评价,诺兰给了我们一场无法盗取的梦。,2010/美国英国/剧情科幻悬疑冒险,盗梦空间,9,9.3
749188人评价,永远都不能忘记你所爱的人。,2009/美国英国/剧情,忠犬八公的故事,10,9.3
749524人评价,小瓦力，大人生。,2008/美国/爱情科幻动画冒险,机器人总动员,11,9.3
1018224人评价,英俊版憨豆，高情商版谢耳朵。,2009/印度/剧情喜剧爱情歌舞,三傻大闹宝莱坞,12,9.2
833707人评价,每个人都要走一条自己坚定了的路，就算是粉身碎骨。 ,1998/意大利/剧情音乐,海上钢琴师,13,9.2
706150人评价,天籁一般的童声，是最接近上帝的存在。 ,2004/法国瑞士德国/剧情音乐,放牛班的春天,14,9.3
781829人评价,如果再也不能见到你，祝你早安，午安，晚安。,1998/美国/剧情科幻,楚门的世界,15,9.2
788664人评价,一生所爱。,1995/香港中国大陆/喜剧爱情奇幻古装,大话西游之大圣娶亲,16,9.2
809803人评价,爱是一种力量，让我们超越时空感知它的存在。,2014/美国英国加拿大冰岛/剧情科幻冒险,星际穿越,17,9.2
697663人评价,人人心中都有个龙猫，童年就永远不会消失。,1988/日本/动画奇幻冒险,龙猫,18,9.2
511037人评价,千万不要记恨你的对手，这样会让你失去理智。,1972/美国/剧情犯罪,教父,19,9.3
458957人评价,我们一路奋战不是为了改变世界，而是为了不让世界改变我们。,2011/韩国/剧情,熔炉,20,9.3
648158人评价,香港电影史上永不过时的杰作。,2002/香港/剧情犯罪悬疑,无间道,21,9.2
893513人评价,迪士尼给我们营造的乌托邦就是这样，永远善良勇敢，永远出乎意料。,2016/美国/喜剧动画冒险,疯狂动物城,22,9.2
825097人评价,平民励志片。 ,2006/美国/剧情传记家庭,当幸福来敲门,23,9.0
913222人评价,真正的幸福是来自内心深处。,2010/美国/剧情喜剧爱情,怦然心动,24,9.0
544699人评价,满满温情的高雅喜剧。,2011/法国/剧情喜剧,触不可及,25,9.2
528397人评价,无尽的黑暗。,2008/美国英国/剧情动作科幻犯罪惊悚,蝙蝠侠：黑暗骑士,26,9.1
377809人评价,Tomorrow is another day.,1939/美国/剧情历史爱情战争,乱世佳人,27,9.2
421046人评价,张艺谋最好的电影。,1994/中国大陆香港/剧情历史家庭,活着,28,9.2
183779人评价,比利·怀德满分作品。,1957/美国/剧情犯罪悬疑,控方证人,29,9.6
819380人评价,瑰丽壮观、无人能及的冒险之旅。,2012/美国台湾英国加拿大/剧情奇幻冒险,少年派的奇幻漂流,30,9.0
413009人评价,史诗的终章。,2003/美国新西兰/剧情动作奇幻冒险,指环王3：王者无敌,31,9.2
403798人评价,那些吻戏，那些青春，都在影院的黑暗里被泪水冲刷得无比清晰。,1988/意大利法国/剧情爱情,天堂电影院,32,9.2
343673人评价,对敌人的仁慈，就是对自己残忍。,2000/中国大陆/剧情历史战争,鬼子来了,33,9.2
244269人评价,1957年的理想主义。 ,1957/美国/剧情,十二怒汉,34,9.4
483151人评价,对天空的追逐，永不停止。 ,1986/日本/动画奇幻冒险,天空之城,35,9.1
792969人评价,你不是在为你一个人战斗，你要让千千万万的女性看到女生并不是只能相夫教子。,2016/印度/剧情传记运动家庭,摔跤吧！爸爸,36,9.0
735470人评价,最后那些最无聊的事情，才是最值得怀念的。 ,2009/美国/剧情喜剧动画冒险,飞屋环游记,37,9.0
637361人评价,旷古烁今。,1995/香港中国大陆/喜剧爱情奇幻古装,大话西游之月光宝盒,38,9.0
524959人评价,邪恶与平庸蛰伏于同一个母体，在特定的时间互相对峙。,1999/美国德国/剧情动作悬疑惊悚,搏击俱乐部,39,9.0
537130人评价,带着心爱的人在天空飞翔。,2004/日本/动画奇幻冒险,哈尔的移动城堡,40,9.0
550259人评价,爱情哪怕只有一天。,1953/美国/喜剧剧情爱情,罗马假日,41,9.0
470956人评价,史上最美的探戈。,1992/美国/剧情,闻香识女人,42,9.0
325094人评价,电影的现实意义大过电影本身。,2013/韩国/剧情,辩护人,43,9.2
324603人评价,“不要跟我比惨，我比你更惨”再适合这部电影不过了。,1987/英国意大利中国大陆法国/剧情传记历史,末代皇帝,44,9.1
326493人评价,别样人生。,2006/德国/剧情悬疑,窃听风暴,45,9.1
757301人评价,死亡不是真的逝去，遗忘才是永恒的消亡。,2017/美国/喜剧动画奇幻音乐,寻梦环游记,46,9.0
358579人评价,4个臭皮匠顶个诸葛亮，盖·里奇果然不是盖的。,1998/英国/剧情喜剧犯罪,两杆大烟枪,47,9.1
299431人评价,受过伤害的人总是笑得最开心，因为他们不愿意让身边的人承受一样的痛苦。,2013/韩国/剧情,素媛,48,9.2
398059人评价,当一个死水般的体制内出现一个活跃的变数时，所有的腐臭都站在了光明的对面。,1989/美国/剧情,死亡诗社,49,9.0
361572人评价,自由万岁。,1975/美国/剧情,飞越疯人院,50,9.1
387859人评价,承前启后的史诗篇章。,2002/美国新西兰/剧情动作奇幻冒险,指环王2：双塔奇兵,51,9.0
277369人评价,优雅的孤独。,1974/美国/剧情犯罪,教父2,52,9.2
608266人评价,一张面具背后的理想与革命。,2005/美国英国德国/剧情动作科幻惊悚,V字仇杀队,53,8.9
435064人评价,传说的开始。,2001/新西兰美国/剧情动作奇幻冒险,指环王1：魔戒再现,54,9.0
413617人评价,动物版《哈姆雷特》。,1994/美国/剧情动画冒险歌舞家庭,狮子王,55,9.0
298098人评价,人生不能像做菜，把所有的料都准备好了才下锅。,1994/台湾美国/剧情家庭,饮食男女,56,9.1
423035人评价,爱是一切逻辑和原由。,2001/美国/传记剧情,美丽心灵,57,9.0
238463人评价,海豚的微笑，是世界上最高明的伪装。,2009/美国/纪录片,海豚湾,58,9.3
524264人评价,暗恋的极致。,1995/日本/剧情爱情,情书,59,8.9
279087人评价,音乐能化解仇恨。,2002/法国德国英国波兰/剧情传记历史战争音乐,钢琴家,60,9.1
552066人评价,在时间之河里感受溺水之苦。,2008/美国/剧情爱情奇幻,本杰明·巴顿奇事,61,8.8
594885人评价,你以为你以为的就是你以为的。,2016/西班牙/剧情犯罪悬疑惊悚,看不见的客人,62,8.8
238474人评价,往事如烟，无处祭奠。,1984/意大利美国/犯罪剧情,美国往事,63,9.1
413094人评价,视觉革命。,1999/美国澳大利亚/动作科幻,黑客帝国,64,8.9
524209人评价,美丽无罪。,2000/意大利美国/剧情战争情色,西西里的美丽传说,65,8.8
436451人评价,童话世界的开端。,2001/美国英国/奇幻冒险,哈利·波特与魔法石,66,8.9
205664人评价,奔跑的孩子是天使。,1997/伊朗/剧情儿童家庭,小鞋子,67,9.2
173151人评价,经典之作，历久弥新。,1961(中国大陆)/1964(中国大陆)/1978(中国大陆)/2004(中国大陆)/中国大陆/动画奇幻,大闹天宫,68,9.3
352472人评价,美利坚精神输出大片No1.,1998/美国/剧情历史战争,拯救大兵瑞恩,69,9.0
898250人评价,你给我翻译翻译，神马叫做TMD的惊喜。,2010/中国大陆香港/剧情喜剧动作西部,让子弹飞,70,8.8
478261人评价,孪生蝙蝠侠大战克隆金刚狼。,2006/美国英国/剧情悬疑惊悚,致命魔术,71,8.8
572423人评价,警察抓小偷，老鼠玩死猫。,1995/美国/剧情犯罪悬疑惊悚,七宗罪,72,8.8
323214人评价,用音乐化解仇恨，让歌声串起美好。,1965/美国/剧情传记爱情歌舞,音乐之声,73,9.0
425510人评价,以戏谑来戏谑戏谑。,2006/日本/剧情歌舞,被嫌弃的松子的一生,74,8.9
472669人评价,故事的高级讲法。,1994/美国/剧情喜剧犯罪,低俗小说,75,8.8
373690人评价,骗子大师和执著警探的你追我跑故事。 ,2002/美国加拿大/传记犯罪剧情,猫鼠游戏,76,8.9
477686人评价,安东尼·霍普金斯的顶级表演。,1991/美国/剧情犯罪惊悚,沉默的羔羊,77,8.8
635267人评价,法式小清新。 ,2001/法国德国/喜剧爱情,天使爱美丽,78,8.7
376710人评价,史诗大片的典范。,1995/美国/动作传记剧情历史战争,勇敢的心,79,8.9
525696人评价,人的命运被自己瞬间的抉择改变。,2004/美国加拿大/剧情悬疑科幻惊悚,蝴蝶效应,80,8.7
651062人评价,浪漫忧郁的成人童话。,1990/美国/剧情奇幻爱情,剪刀手爱德华,81,8.7
350825人评价,爱情纠缠，男女一致。,1997/香港日本韩国/剧情爱情同性,春光乍泄,82,8.9
384852人评价,人生中应该拥有这样的一段豁然开朗。,1997/美国/剧情,心灵捕手,83,8.8
512991人评价,昔日翩翩少年，今日大腹便便。,2010/美国/剧情悬疑惊悚,禁闭岛,84,8.7
238104人评价,尽管有些不切实际的幻想，这部电影依旧是一部感人肺腑的佳作。,2008/英国美国/剧情战争,穿条纹睡衣的男孩,85,9.0
475760人评价,小清新的故事里注入了大历史的情怀。,2014/美国德国英国/剧情喜剧冒险,布达佩斯大饭店,86,8.8
392228人评价,死可能是一道门，逝去并不是终结，而是超越，走向下一程。,2008/日本/剧情,入殓师,87,8.8
752335人评价,绝对意义上的美轮美奂。,2009/美国英国/动作战争科幻冒险,阿凡达,88,8.7
322138人评价,人与自然的战争史诗。,1997/日本/动画奇幻冒险,幽灵公主,89,8.8
366756人评价,一场华丽的意淫。,1994/中国大陆香港/剧情爱情,阳光灿烂的日子,90,8.8
437779人评价,最不可能的那个人永远是最可能的。,2003/美国/剧情悬疑惊悚,致命ID,91,8.7
495002人评价,约翰尼·德普的独角戏。,2003/美国/动作冒险奇幻,加勒比海盗,92,8.7
314428人评价,深入内心的恐怖，出人意料的结局。,1999/美国/剧情悬疑惊悚,第六感,93,8.8
431959人评价,每个人心中都有一座断背山。,2005/美国加拿大/剧情爱情同性家庭,断背山,94,8.7
139357人评价,大时代中的人生，小人物的悲喜。,1936/美国/剧情喜剧爱情,摩登时代,95,9.2
451348人评价,寂寞没有期限。,1994/香港/剧情爱情,重庆森林,96,8.7
188828人评价,人言可畏。,2012/丹麦瑞典/剧情,狩猎,97,9.1
282231人评价,你是我最好的朋友，你是我唯一的朋友 。,2009/澳大利亚/剧情喜剧动画,玛丽和马克思,98,8.9
484841人评价,我是一个演员。,1999/香港/喜剧剧情爱情,喜剧之王,99,8.7
451966人评价,没有一人完全善，也没有一人完全恶。,2010/日本/剧情惊悚,告白,100,8.7
503016人评价,年度最佳date movie。,2014/美国/剧情犯罪悬疑惊悚,消失的爱人,101,8.7
334296人评价,抱着梦想而活着的人是幸福的，怀抱梦想而死去的人是不朽的。,2003/美国/剧情家庭奇幻冒险,大鱼,102,8.8
203418人评价,我们都曾经是一一。,2000/台湾日本/剧情爱情家庭,一一,103,9.0
370037人评价,百看不厌。 ,1993/香港/喜剧奇幻武侠古装,射雕英雄传之东成西就,104,8.7
361774人评价,再多各自牛逼的时光，也比不上一起傻逼的岁月。 ,2011/韩国/剧情喜剧,阳光姐妹淘,105,8.8
311192人评价,缘分是个连绵词，最美不过一瞬。,1995/美国奥地利瑞士/剧情爱情,爱在黎明破晓前,106,8.8
297295人评价,相逢只要一瞬间，等待却像是一辈子。,1996/香港/剧情爱情,甜蜜蜜,107,8.8
211520人评价,那些静得只能听见呼吸的日子里，你明白孤独即生活。,2014/日本/剧情,小森林 夏秋篇,108,9.0
304179人评价,沉醉在电影的情感和视听氛围中无法自拔。,2017/意大利法国巴西美国荷兰德国/剧情爱情同性,请以你的名字呼唤我,109,8.8
241197人评价,少女情怀总是诗。,1995/日本/剧情爱情动画,侧耳倾听,110,8.8
416625人评价,和谐的生活离不开摸头与被摸头。,2010/美国/动画奇幻冒险,驯龙高手,111,8.7
199024人评价,梦的勾结。,2006/日本/动画悬疑科幻惊悚,红辣椒,112,8.9
379463人评价,两张绝世的脸。 ,1987/香港/爱情奇幻武侠古装,倩女幽魂,113,8.7
332504人评价,恐怖分子的“秋菊打官司”。,2013/韩国/剧情犯罪悬疑,恐怖直播,114,8.7
236592人评价,动画片的圣经。,1984/日本/动画奇幻冒险,风之谷,115,8.8
244283人评价,穷尽一生，我们要学会的，不过是彼此拥抱。,2011/美国/剧情,超脱,116,8.8
271890人评价,九年后的重逢是世俗和责任的交叠，没了悸动和青涩，沧桑而温暖。,2004/美国/剧情爱情,爱在日落黄昏时,117,8.8
194607人评价,被上帝抛弃了的上帝之城。,2002/巴西法国/犯罪剧情,上帝之城,118,8.9
266043人评价,从没见过那么流氓的温柔，从没见过那么温柔的流氓。,1999/日本/剧情喜剧,菊次郎的夏天,119,8.8
184435人评价,尊敬他人，尊敬你生活的这片土地，明白孤独是人生的常态。,2015/日本/剧情,小森林 冬春篇,120,9.0
389555人评价,10年的完美句点。,2011/美国英国/剧情悬疑奇幻冒险,哈利·波特与死亡圣器(下),121,8.7
298107人评价,有时候幸福需要等一等。 ,2004/美国/喜剧剧情爱情,幸福终点站,122,8.7
259361人评价,《我是山姆》的《美丽人生》。,2013/韩国/剧情喜剧家庭,7号房的礼物,123,8.8
291611人评价,关于连环杀人悬案的集体回忆。,2003/韩国/犯罪剧情悬疑惊悚,杀人回忆,124,8.7
293445人评价,曾经的那段美好会沉淀为一辈子的记忆。,2010/日本/动画奇幻冒险,借东西的小人阿莉埃蒂,125,8.7
544646人评价,Mr. I Don't Care其实也有Care的时候。,2010/美国法国/喜剧动画冒险,神偷奶爸,126,8.5
397536人评价,诺兰就是保证。,2012/美国英国/剧情动作科幻犯罪惊悚,蝙蝠侠：黑暗骑士崛起,127,8.7
243554人评价,触不到的恋人。,2011/日本/剧情爱情动画奇幻,萤火之森,128,8.8
513277人评价,华太师是黄霑，吴镇宇四大才子之一。,1993/香港/喜剧爱情古装,唐伯虎点秋香,129,8.5
534992人评价,Balalala~~~,2014/美国/喜剧动作科幻动画冒险,超能陆战队,130,8.6
345690人评价,不要给它起名字，起了名字就有感情了。,2001/美国/儿童喜剧动画奇幻冒险,怪兽电力公司,131,8.6
383224人评价,岁月流逝，来日可追。,2010/香港中国大陆/剧情家庭,岁月神偷,132,8.7
122171人评价,我的平常生活就是他人的幸福。,2004/日本/剧情,无人知晓,133,9.1
273178人评价,真相就在眼前。,2004/美国/悬疑惊悚恐怖,电锯惊魂,134,8.7
104919人评价,时代悲歌。,1954/日本/动作冒险剧情,七武士,135,9.2
244458人评价,像吃了苏打饼一样干脆的电影。,2007/美国德国/动作悬疑惊悚,谍影重重3,136,8.8
417793人评价,爱，是个动词。,2003/英国美国法国/喜剧剧情爱情,真爱至上,137,8.6
496807人评价,老少皆宜，这就是好莱坞动画的魅力。,2013/美国/喜剧动画冒险,疯狂原始人,138,8.7
187746人评价,中国家庭的喜怒哀乐忍。,1993/台湾美国/剧情喜剧爱情同性家庭,喜宴,139,8.9
260974人评价,英雄泪短，兄弟情长。 ,1986/香港/剧情动作犯罪,英雄本色,140,8.6
347635人评价,电影诗。,1994/香港台湾/剧情动作爱情武侠古装,东邪西毒,141,8.6
261695人评价,幸福是生生不息，却难以触及的远。 ,1988/日本/动画剧情战争,萤火虫之墓,142,8.7
485036人评价,上帝之城+猜火车+阿甘正传+开心辞典=山寨富翁,2008/英国美国/剧情爱情,贫民窟的百万富翁,143,8.5
450935人评价,优秀的战争片不会美化战场，不会粉饰死亡，不会矮化敌人，不会无视常识，最重要的，不会宣扬战争。,2016/美国澳大利亚/剧情传记历史战争,血战钢锯岭,144,8.7
532504人评价,黑暗之美。,2010/美国/剧情惊悚,黑天鹅,145,8.5
361492人评价,一个针管引发的血案。,2000/美国/犯罪剧情悬疑惊悚,记忆碎片,146,8.6
410999人评价,爱是摈弃傲慢与偏见之后的曙光。,2005/法国英国美国/剧情爱情,傲慢与偏见,147,8.5
288249人评价,把每天当作最后一天般珍惜度过，积极拥抱生活，就是幸福。,2013/英国/喜剧爱情奇幻,时空恋旅人,148,8.7
262321人评价,荒诞讽刺，千奇百巧，抽丝剥茧，百转千回。,2014/中国大陆/剧情犯罪悬疑,心迷宫,149,8.7
215008人评价,香港浪漫主义警匪动作片的巅峰之作。,1991/香港/剧情喜剧动作犯罪,纵横四海,150,8.8
211743人评价,始于荒诞，止于更荒诞。,2014/阿根廷西班牙/剧情喜剧犯罪,荒蛮故事,151,8.8
259600人评价,生活在自己的世界里，也可以让周围的人显得可笑和渺小。,1988/美国/剧情,雨人,152,8.7
182659人评价,任何信念的力量，都无法改变命运。,1990/美国/剧情犯罪,教父3,153,8.8
254299人评价,Jared Leto的腿比女人还美！,2013/美国/剧情传记同性,达拉斯买家俱乐部,154,8.7
115664人评价,坏人的好总是比好人的好来得更感人。,1993/美国/剧情犯罪,完美的世界,155,9.1
255878人评价,跨度十五年的欢乐与泪水。,2010/美国/喜剧动画奇幻冒险,玩具总动员3,156,8.8
324365人评价,偷情本没有这样美。,2000/香港/剧情爱情,花样年华,157,8.6
156057人评价,当这个世界闭上双眼，他却敞开了怀抱。,2004/英国南非意大利美国/剧情历史战争,卢旺达饭店,158,8.9
215467人评价,凝视卑弱生命，用电影改变命运。,2018/黎巴嫩法国美国/剧情,何以为家,159,9.0
111308人评价,如果生活中有什么使你感到快乐，那就去做吧！不要管别人说什么。,2015/德国瑞士南非/剧情冒险家庭,海蒂和爷爷,160,9.1
283430人评价,我们都有权利不与自己的过去和解。,2016/美国/剧情家庭,海边的曼彻斯特,161,8.6
341689人评价,热血沸腾，那个低俗、性感的无耻混蛋又来了。,2012/美国/剧情动作西部冒险,被解救的姜戈,162,8.6
467658人评价,怼天怼地，你走后，她与世界为敌。,2017/美国英国/剧情犯罪,三块广告牌,163,8.7
371585人评价,爱情没有那么多借口，如果不能圆满，只能说明爱的不够。 ,2004/美国/剧情爱情,恋恋笔记本,164,8.5
194385人评价,感情不分食草或者食肉。,2010/日本/剧情动画儿童,你看起来好像很好吃,165,8.8
114301人评价,大海啊，不全是水。,2009/法国瑞士西班牙美国阿联酋/纪录片,海洋,166,9.0
135288人评价,永远看不腻的喜剧。,1966/法国英国/喜剧战争,虎口脱险,167,8.9
323525人评价,愿我们都不用长大，每一座城堡都能永远存在。,2015/美国/喜剧动画冒险,头脑特工队,168,8.7
712245人评价,穿越错位的时空，仰望陨落的星辰，你没留下你的名字，我却无法忘记那句“我爱你”。,2016/日本/剧情爱情动画,你的名字。,169,8.4
159286人评价,有一些东西不应该被遗忘。,2015/中国大陆/纪录片,二十二,170,8.7
291373人评价,迪士尼和皮克斯拿错剧本的产物。,2012/美国/喜剧动画奇幻冒险,无敌破坏王,171,8.7
363549人评价,松鼠才是角儿。,2002/美国/喜剧动画冒险,冰川时代,172,8.5
145185人评价,爱并不需要智商 。,2001/美国/剧情家庭,我是山姆,173,8.9
120366人评价,骨灰级歌舞片。,1952/美国/喜剧歌舞爱情,雨中曲,174,9.0
179833人评价,传奇，不是每个人都可以拥有。,1994/美国/剧情爱情战争西部,燃情岁月,175,8.8
312525人评价,这个世界从不善待努力的人，努力了也不一定会成功，但是知道自己在努力，就是活下去的动力。,2014/美国/剧情音乐,爆裂鼓手,176,8.6
139465人评价,好的剧本是，就算你猜到了结局也猜不到全部。,1997/日本/动画奇幻惊悚,未麻的部屋,177,8.9
249674人评价,对爱的执着，可以超越一切。,2001/美国/冒险剧情科幻,人工智能,178,8.6
340860人评价,他给机器起名“克里斯托弗”，因为这是他初恋的名字。,2014/英国美国/剧情传记战争同性,模仿游戏,179,8.6
184679人评价,惠及一生的美丽。,2015/瑞典/剧情,一个叫欧维的男人决定去死,180,8.8
239759人评价,爱上未来的你。 ,2006/日本/剧情爱情科幻动画,穿越时空的少女,181,8.6
159896人评价,中国式内在的美国电影。,1940/美国/剧情爱情战争,魂断蓝桥,182,8.8
219646人评价,被偷走的岁月，被伤害的生命，被禁锢的灵魂，终将被希望和善意救赎。,2015/爱尔兰加拿大英国美国/剧情家庭,房间,183,8.8
90799人评价,养狗三日，便会对你终其一生。,1987/日本/剧情,忠犬八公物语,184,9.1
299620人评价,不可猜的青春迷笛。 ,1996/英国/剧情犯罪,猜火车,185,8.5
267101人评价,宫崎骏的电影总让人感觉世界是美好的，阳光明媚的。,1989/日本/动画奇幻冒险,魔女宅急便,186,8.6
440330人评价,不要企图在重复中寻找已经失去的爱。,2009/英国澳大利亚/剧情悬疑惊悚,恐怖游轮,187,8.4
168743人评价,人生的N种可能性。,1950/日本/犯罪剧情悬疑,罗生门,188,8.7
320342人评价,来啊，互相伤害啊！,2016/意大利/剧情喜剧,完美陌生人,189,8.5
115894人评价,想你时你在闹海。,1979/中国大陆/冒险动画奇幻,哪吒闹海,190,8.9
283672人评价,王家卫是一种风格，张国荣是一个代表。,1990/香港/犯罪剧情爱情,阿飞正传,191,8.5
201142人评价,是枝裕和的家庭习作。,2015/日本/剧情家庭,海街日记,192,8.7
214306人评价,不得不说，《黑客帝国》系列是商业片与科幻、哲学完美结合的典范。,2003/美国澳大利亚/动作科幻,黑客帝国3：矩阵革命,193,8.6
350980人评价,一个单凭体香达到高潮的男人。,2006/德国法国西班牙美国/剧情犯罪奇幻,香水,194,8.5
326894人评价,当爱情跨越年龄的界限，它似乎能变得更久远一点，成为一种责任，一种水到渠成的相濡以沫。 ,2008/美国德国/剧情爱情,朗读者,195,8.5
168205人评价,世界离独裁只有五天。,2008/德国/剧情惊悚,浪潮,196,8.7
165339人评价,坚硬的信仰。,2004/中国大陆香港/剧情犯罪,可可西里,197,8.7
210842人评价,谁说王家卫镜头很晃？,2004/美国德国/动作悬疑惊悚,谍影重重2,198,8.6
81411人评价,传奇的年代，醉人的童话。,1983(中国大陆)/2019(中国大陆重映)/中国大陆/动画奇幻,天书奇谭,199,9.1
251314人评价,哗啦啦啦啦，天在下雨，哗啦啦啦啦，云在哭泣……找自己。,2002/美国德国捷克/动作悬疑惊悚,谍影重重,200,8.5
142816人评价,弱者送给弱者的一刀。,1991/台湾/剧情犯罪,牯岭街少年杀人事件,201,8.8
217592人评价,做一颗让别人需要你的棋子。,2005/美国法国/剧情犯罪,战争之王,202,8.6
114789人评价,天使保护事件始末。,2007/印度/剧情儿童家庭,地球上的星星,203,8.9
114935人评价,故事的反转与反转，分裂电影的始祖。,1960/美国/悬疑惊悚恐怖,惊魂记,204,8.9
292642人评价,人生如此，浮生如斯。谁人言，花彼岸，此生情长意短。谁都是不懂爱的罢了。,1993/香港/剧情爱情奇幻古装,青蛇,205,8.5
433072人评价,中国版《两杆大烟枪》。,2006/中国大陆香港/喜剧犯罪,疯狂的石头,206,8.4
606983人评价,黑小鸭速效美白记。,2010/泰国/剧情喜剧爱情,初恋这件小事,207,8.3
190599人评价,少见的超越首部的续集，动作片中的经典。,1991/美国法国/动作科幻,终结者2：审判日,208,8.6
506867人评价,邓肯·琼斯继《月球》之后再度奉献出一部精彩绝伦的科幻佳作。,2011/美国加拿大/科幻悬疑惊悚,源代码,209,8.4
163744人评价,只有有信仰的人才能说出事实真相。,2011/伊朗法国/剧情家庭,一次别离,210,8.7
130905人评价,日本的家庭电影已经是世界巅峰了，步履不停是巅峰中的佳作。,2008/日本/剧情家庭,步履不停,211,8.8
104662人评价,诺兰的牛逼来源于内心散发出的恐惧。,1998/英国/犯罪悬疑惊悚,追随,212,8.9
253996人评价,宝莱坞的萝莉与大叔。,2015/印度/剧情喜剧动作,小萝莉的猴神大叔,213,8.5
247142人评价,嬉笑怒骂，调风动月。,1992/香港中国大陆/动作爱情武侠古装,新龙门客栈,214,8.5
234927人评价,爱我就给我看你的播放列表。,2013/美国/喜剧爱情音乐,再次出发之纽约遇见你,215,8.5
159194人评价,所谓爱情，就是话唠一路，都不会心生腻烦，彼此嫌弃。,2013/美国希腊/剧情爱情,爱在午夜降临前,216,8.8
213614人评价,天使与魔鬼的冲撞。,2004/美国德国/犯罪剧情,撞车,217,8.6
282428人评价,昆汀同学越来越变态了，比北野武还杜琪峰。,2009/美国德国/剧情犯罪,无耻混蛋,218,8.5
140265人评价,一场没有春天的噩梦。,2000/美国/剧情,梦之安魂曲,219,8.7
61922人评价,永远的小人物，伟大的卓别林。,1931/美国/喜剧剧情爱情,城市之光,220,9.3
68902人评价,东京那么大，如果有一天走失了，恐怕一辈子不能再相见。,1953/日本/剧情家庭,东京物语,221,9.2
429875人评价,警恶惩奸，维护世界和平这个任务就交给你了，好吗？,2004/中国大陆香港/动作喜剧犯罪奇幻,功夫,222,8.3
261633人评价,小成本大魅力。,2013/美国英国/科幻悬疑惊悚,彗星来的那一夜,223,8.5
139282人评价,天使暂时离开。,1999/美国/犯罪剧情奇幻悬疑,绿里奇迹,224,8.7
185495人评价,每个美丽事物背后都是滴血的现实。,2006/美国德国/剧情惊悚冒险,血钻,225,8.6
140969人评价,现代科幻电影的开山之作，最伟大导演的最伟大影片。,1968/英国美国/科幻惊悚冒险,2001太空漫游,226,8.7
301512人评价,世界不完美，爱会有奇迹。,2017/美国香港/剧情儿童家庭,奇迹男孩,227,8.6
166596人评价,新闻人的理性求真。,2015/美国/剧情传记,聚焦,228,8.8
237504人评价,科幻真正的魅力不是视觉效果能取代的。 ,2007/美国/剧情科幻,这个男人来自地球,229,8.5
203722人评价,生病的E.T.皮肤的颜色就像柿子饼。,1982/美国/剧情科幻,E.T. 外星人,230,8.5
133147人评价,没有了退路，只好飞向自由。,1991/美国法国/犯罪剧情惊悚,末路狂花,231,8.7
230837人评价,我完全康复了。,1971/英国美国/犯罪剧情科幻,发条橙,232,8.5
264746人评价,当发哥的风衣、墨镜出现在了凯奇身上⋯⋯,1997/美国/动作科幻犯罪惊悚,变脸,233,8.4
176522人评价,类型片的极致。 ,1996/美国/动作冒险,勇闯夺命岛,234,8.6
161601人评价,还原真实而残酷的战争。,2001/美国/动作历史战争,黑鹰坠落,235,8.6
279924人评价,“多么美好的一天！”轰轰轰砰咚，啪哒哒哒轰隆隆，磅~,2015/澳大利亚美国/动作科幻冒险,疯狂的麦克斯4：狂暴之路,236,8.6
68274人评价,最棒的西部片。,1966/意大利西班牙西德/冒险西部,黄金三镖客,237,9.1
396407人评价,青春就是放弃和怀念。,2007/日本/动画剧情爱情,秒速5厘米,238,8.3
423544人评价,皇上无话儿。,2010/英国澳大利亚美国/剧情传记历史,国王的演讲,239,8.4
80844人评价,你要相信，这世上真的有爱存在，不管在什么年纪 ,2011/韩国/剧情爱情,我爱你,240,9.0
156276人评价,我不信仰上帝，但我敬畏上帝。,1995/德国美国/剧情犯罪悬疑惊悚,非常嫌疑犯,241,8.6
155400人评价,世界上有那么多女人那么多酒馆，但她偏偏走进我的这家。,1942/美国/剧情爱情战争,卡萨布兰卡,242,8.6
123926人评价,一部能引人思考的科幻励志片。,1997/美国/剧情科幻惊悚,千钧一发,243,8.7
180138人评价,用剩余不多的时间，去燃烧整个生命。,2007/美国/冒险喜剧剧情,遗愿清单,244,8.6
230976人评价,每个人的内心都是深不可测的大海。 ,1999/美国/剧情爱情家庭,美国丽人,245,8.5
476908人评价,过去的如果就让它过去了，未来只会越来越糟！,2016/中国大陆/剧情喜剧,驴得水,246,8.3
133397人评价,要做就做得狠一点，这样才能活下去。,2013/韩国/剧情犯罪,新世界,247,8.7
517107人评价,揭露人性的丧尸题材力作。,2016/韩国/动作惊悚灾难,釜山行,248,8.4
79903人评价,来也匆匆去也匆匆，就这样风雨兼程。,2017/中国大陆/纪录片家庭,四个春天,249,8.9
178204人评价,一个人的独角戏。,2000/美国/冒险剧情,荒岛余生,250,8.5
comment,description,introduce,movie_name,serial_number,star
1435444人评价,希望让人自由。,1994/美国/犯罪剧情,肖申克的救赎,1,9.6
1063079人评价,风华绝代。,1993/中国大陆香港/剧情爱情同性,霸王别姬,2,9.6
1308625人评价,怪蜀黍和小萝莉不得不说的故事。,1994/法国/剧情动作犯罪,这个杀手不太冷,3,9.4
1129757人评价,一部美国近现代史。,1994/美国/剧情爱情,阿甘正传,4,9.4
661858人评价,最美的谎言。,1997/意大利/剧情喜剧爱情战争,美丽人生,5,9.5
1070860人评价,失去的才是永恒的。 ,1997/美国/剧情爱情灾难,泰坦尼克号,6,9.3
1056072人评价,最好的宫崎骏，最好的久石让。 ,2001/日本/剧情动画奇幻,千与千寻,7,9.3
589617人评价,拯救一个人，就是拯救整个世界。,1993/美国/剧情历史战争,辛德勒的名单,8,9.5
1131621人评价,诺兰给了我们一场无法盗取的梦。,2010/美国英国/剧情科幻悬疑冒险,盗梦空间,9,9.3
749337人评价,永远都不能忘记你所爱的人。,2009/美国英国/剧情,忠犬八公的故事,10,9.3
749641人评价,小瓦力，大人生。,2008/美国/爱情科幻动画冒险,机器人总动员,11,9.3
1018412人评价,英俊版憨豆，高情商版谢耳朵。,2009/印度/剧情喜剧爱情歌舞,三傻大闹宝莱坞,12,9.2
833707人评价,每个人都要走一条自己坚定了的路，就算是粉身碎骨。 ,1998/意大利/剧情音乐,海上钢琴师,13,9.2
706150人评价,天籁一般的童声，是最接近上帝的存在。 ,2004/法国瑞士德国/剧情音乐,放牛班的春天,14,9.3
781829人评价,如果再也不能见到你，祝你早安，午安，晚安。,1998/美国/剧情科幻,楚门的世界,15,9.2
788825人评价,一生所爱。,1995/香港中国大陆/喜剧爱情奇幻古装,大话西游之大圣娶亲,16,9.2
809803人评价,爱是一种力量，让我们超越时空感知它的存在。,2014/美国英国加拿大冰岛/剧情科幻冒险,星际穿越,17,9.2
697663人评价,人人心中都有个龙猫，童年就永远不会消失。,1988/日本/动画奇幻冒险,龙猫,18,9.2
511037人评价,千万不要记恨你的对手，这样会让你失去理智。,1972/美国/剧情犯罪,教父,19,9.3
458957人评价,我们一路奋战不是为了改变世界，而是为了不让世界改变我们。,2011/韩国/剧情,熔炉,20,9.3
648275人评价,香港电影史上永不过时的杰作。,2002/香港/剧情犯罪悬疑,无间道,21,9.2
893513人评价,迪士尼给我们营造的乌托邦就是这样，永远善良勇敢，永远出乎意料。,2016/美国/喜剧动画冒险,疯狂动物城,22,9.2
825097人评价,平民励志片。 ,2006/美国/剧情传记家庭,当幸福来敲门,23,9.0
913406人评价,真正的幸福是来自内心深处。,2010/美国/剧情喜剧爱情,怦然心动,24,9.0
544775人评价,满满温情的高雅喜剧。,2011/法国/剧情喜剧,触不可及,25,9.2
528506人评价,无尽的黑暗。,2008/美国英国/剧情动作科幻犯罪惊悚,蝙蝠侠：黑暗骑士,26,9.1
377876人评价,Tomorrow is another day.,1939/美国/剧情历史爱情战争,乱世佳人,27,9.2
421121人评价,张艺谋最好的电影。,1994/中国大陆香港/剧情历史家庭,活着,28,9.2
183779人评价,比利·怀德满分作品。,1957/美国/剧情犯罪悬疑,控方证人,29,9.6
819380人评价,瑰丽壮观、无人能及的冒险之旅。,2012/美国台湾英国加拿大/剧情奇幻冒险,少年派的奇幻漂流,30,9.0
413081人评价,史诗的终章。,2003/美国新西兰/剧情动作奇幻冒险,指环王3：王者无敌,31,9.2
403798人评价,那些吻戏，那些青春，都在影院的黑暗里被泪水冲刷得无比清晰。,1988/意大利法国/剧情爱情,天堂电影院,32,9.2
343715人评价,对敌人的仁慈，就是对自己残忍。,2000/中国大陆/剧情历史战争,鬼子来了,33,9.2
244306人评价,1957年的理想主义。 ,1957/美国/剧情,十二怒汉,34,9.4
483151人评价,对天空的追逐，永不停止。 ,1986/日本/动画奇幻冒险,天空之城,35,9.1
792969人评价,你不是在为你一个人战斗，你要让千千万万的女性看到女生并不是只能相夫教子。,2016/印度/剧情传记运动家庭,摔跤吧！爸爸,36,9.0
735470人评价,最后那些最无聊的事情，才是最值得怀念的。 ,2009/美国/剧情喜剧动画冒险,飞屋环游记,37,9.0
637479人评价,旷古烁今。,1995/香港中国大陆/喜剧爱情奇幻古装,大话西游之月光宝盒,38,9.0
524959人评价,邪恶与平庸蛰伏于同一个母体，在特定的时间互相对峙。,1999/美国德国/剧情动作悬疑惊悚,搏击俱乐部,39,9.0
537241人评价,带着心爱的人在天空飞翔。,2004/日本/动画奇幻冒险,哈尔的移动城堡,40,9.0
550354人评价,爱情哪怕只有一天。,1953/美国/喜剧剧情爱情,罗马假日,41,9.0
471041人评价,史上最美的探戈。,1992/美国/剧情,闻香识女人,42,9.0
325094人评价,电影的现实意义大过电影本身。,2013/韩国/剧情,辩护人,43,9.2
324696人评价,“不要跟我比惨，我比你更惨”再适合这部电影不过了。,1987/英国意大利中国大陆法国/剧情传记历史,末代皇帝,44,9.1
326538人评价,别样人生。,2006/德国/剧情悬疑,窃听风暴,45,9.1
757499人评价,死亡不是真的逝去，遗忘才是永恒的消亡。,2017/美国/喜剧动画奇幻音乐,寻梦环游记,46,9.0
358622人评价,4个臭皮匠顶个诸葛亮，盖·里奇果然不是盖的。,1998/英国/剧情喜剧犯罪,两杆大烟枪,47,9.1
299509人评价,受过伤害的人总是笑得最开心，因为他们不愿意让身边的人承受一样的痛苦。,2013/韩国/剧情,素媛,48,9.2
398059人评价,当一个死水般的体制内出现一个活跃的变数时，所有的腐臭都站在了光明的对面。,1989/美国/剧情,死亡诗社,49,9.0
361572人评价,自由万岁。,1975/美国/剧情,飞越疯人院,50,9.1
387859人评价,承前启后的史诗篇章。,2002/美国新西兰/剧情动作奇幻冒险,指环王2：双塔奇兵,51,9.0
277433人评价,优雅的孤独。,1974/美国/剧情犯罪,教父2,52,9.2
608359人评价,一张面具背后的理想与革命。,2005/美国英国德国/剧情动作科幻惊悚,V字仇杀队,53,8.9
435064人评价,传说的开始。,2001/新西兰美国/剧情动作奇幻冒险,指环王1：魔戒再现,54,9.0
413617人评价,动物版《哈姆雷特》。,1994/美国/剧情动画冒险歌舞家庭,狮子王,55,9.0
298098人评价,人生不能像做菜，把所有的料都准备好了才下锅。,1994/台湾美国/剧情家庭,饮食男女,56,9.1
423035人评价,爱是一切逻辑和原由。,2001/美国/传记剧情,美丽心灵,57,9.0
238463人评价,海豚的微笑，是世界上最高明的伪装。,2009/美国/纪录片,海豚湾,58,9.3
524264人评价,暗恋的极致。,1995/日本/剧情爱情,情书,59,8.9
279139人评价,音乐能化解仇恨。,2002/法国德国英国波兰/剧情传记历史战争音乐,钢琴家,60,9.1
552066人评价,在时间之河里感受溺水之苦。,2008/美国/剧情爱情奇幻,本杰明·巴顿奇事,61,8.8
594885人评价,你以为你以为的就是你以为的。,2016/西班牙/剧情犯罪悬疑惊悚,看不见的客人,62,8.8
238516人评价,往事如烟，无处祭奠。,1984/意大利美国/犯罪剧情,美国往事,63,9.1
413094人评价,视觉革命。,1999/美国澳大利亚/动作科幻,黑客帝国,64,8.9
524314人评价,美丽无罪。,2000/意大利美国/剧情战争情色,西西里的美丽传说,65,8.8
436451人评价,童话世界的开端。,2001/美国英国/奇幻冒险,哈利·波特与魔法石,66,8.9
205702人评价,奔跑的孩子是天使。,1997/伊朗/剧情儿童家庭,小鞋子,67,9.2
173202人评价,经典之作，历久弥新。,1961(中国大陆)/1964(中国大陆)/1978(中国大陆)/2004(中国大陆)/中国大陆/动画奇幻,大闹天宫,68,9.3
352472人评价,美利坚精神输出大片No1.,1998/美国/剧情历史战争,拯救大兵瑞恩,69,9.0
898250人评价,你给我翻译翻译，神马叫做TMD的惊喜。,2010/中国大陆香港/剧情喜剧动作西部,让子弹飞,70,8.8
478261人评价,孪生蝙蝠侠大战克隆金刚狼。,2006/美国英国/剧情悬疑惊悚,致命魔术,71,8.8
572489人评价,警察抓小偷，老鼠玩死猫。,1995/美国/剧情犯罪悬疑惊悚,七宗罪,72,8.8
323256人评价,用音乐化解仇恨，让歌声串起美好。,1965/美国/剧情传记爱情歌舞,音乐之声,73,9.0
425580人评价,以戏谑来戏谑戏谑。,2006/日本/剧情歌舞,被嫌弃的松子的一生,74,8.9
472669人评价,故事的高级讲法。,1994/美国/剧情喜剧犯罪,低俗小说,75,8.8
373781人评价,骗子大师和执著警探的你追我跑故事。 ,2002/美国加拿大/传记犯罪剧情,猫鼠游戏,76,8.9
477750人评价,安东尼·霍普金斯的顶级表演。,1991/美国/剧情犯罪惊悚,沉默的羔羊,77,8.8
635339人评价,法式小清新。 ,2001/法国德国/喜剧爱情,天使爱美丽,78,8.7
376710人评价,史诗大片的典范。,1995/美国/动作传记剧情历史战争,勇敢的心,79,8.9
525696人评价,人的命运被自己瞬间的抉择改变。,2004/美国加拿大/剧情悬疑科幻惊悚,蝴蝶效应,80,8.7
651170人评价,浪漫忧郁的成人童话。,1990/美国/剧情奇幻爱情,剪刀手爱德华,81,8.7
350825人评价,爱情纠缠，男女一致。,1997/香港日本韩国/剧情爱情同性,春光乍泄,82,8.9
384852人评价,人生中应该拥有这样的一段豁然开朗。,1997/美国/剧情,心灵捕手,83,8.8
513082人评价,昔日翩翩少年，今日大腹便便。,2010/美国/剧情悬疑惊悚,禁闭岛,84,8.7
238104人评价,尽管有些不切实际的幻想，这部电影依旧是一部感人肺腑的佳作。,2008/英国美国/剧情战争,穿条纹睡衣的男孩,85,9.0
475760人评价,小清新的故事里注入了大历史的情怀。,2014/美国德国英国/剧情喜剧冒险,布达佩斯大饭店,86,8.8
392228人评价,死可能是一道门，逝去并不是终结，而是超越，走向下一程。,2008/日本/剧情,入殓师,87,8.8
752454人评价,绝对意义上的美轮美奂。,2009/美国英国/动作战争科幻冒险,阿凡达,88,8.7
322189人评价,人与自然的战争史诗。,1997/日本/动画奇幻冒险,幽灵公主,89,8.8
366756人评价,一场华丽的意淫。,1994/中国大陆香港/剧情爱情,阳光灿烂的日子,90,8.8
437841人评价,最不可能的那个人永远是最可能的。,2003/美国/剧情悬疑惊悚,致命ID,91,8.7
495002人评价,约翰尼·德普的独角戏。,2003/美国/动作冒险奇幻,加勒比海盗,92,8.7
314428人评价,深入内心的恐怖，出人意料的结局。,1999/美国/剧情悬疑惊悚,第六感,93,8.8
432008人评价,每个人心中都有一座断背山。,2005/美国加拿大/剧情爱情同性家庭,断背山,94,8.7
139357人评价,大时代中的人生，小人物的悲喜。,1936/美国/剧情喜剧爱情,摩登时代,95,9.2
451413人评价,寂寞没有期限。,1994/香港/剧情爱情,重庆森林,96,8.7
188845人评价,人言可畏。,2012/丹麦瑞典/剧情,狩猎,97,9.1
282231人评价,你是我最好的朋友，你是我唯一的朋友 。,2009/澳大利亚/剧情喜剧动画,玛丽和马克思,98,8.9
484937人评价,我是一个演员。,1999/香港/喜剧剧情爱情,喜剧之王,99,8.7
452005人评价,没有一人完全善，也没有一人完全恶。,2010/日本/剧情惊悚,告白,100,8.7
503016人评价,年度最佳date movie。,2014/美国/剧情犯罪悬疑惊悚,消失的爱人,101,8.7
334296人评价,抱着梦想而活着的人是幸福的，怀抱梦想而死去的人是不朽的。,2003/美国/剧情家庭奇幻冒险,大鱼,102,8.8
203418人评价,我们都曾经是一一。,2000/台湾日本/剧情爱情家庭,一一,103,9.0
370091人评价,百看不厌。 ,1993/香港/喜剧奇幻武侠古装,射雕英雄传之东成西就,104,8.7
361829人评价,再多各自牛逼的时光，也比不上一起傻逼的岁月。 ,2011/韩国/剧情喜剧,阳光姐妹淘,105,8.8
311237人评价,缘分是个连绵词，最美不过一瞬。,1995/美国奥地利瑞士/剧情爱情,爱在黎明破晓前,106,8.8
297295人评价,相逢只要一瞬间，等待却像是一辈子。,1996/香港/剧情爱情,甜蜜蜜,107,8.8
211580人评价,那些静得只能听见呼吸的日子里，你明白孤独即生活。,2014/日本/剧情,小森林 夏秋篇,108,9.0
304179人评价,沉醉在电影的情感和视听氛围中无法自拔。,2017/意大利法国巴西美国荷兰德国/剧情爱情同性,请以你的名字呼唤我,109,8.8
241241人评价,少女情怀总是诗。,1995/日本/剧情爱情动画,侧耳倾听,110,8.8
416709人评价,和谐的生活离不开摸头与被摸头。,2010/美国/动画奇幻冒险,驯龙高手,111,8.7
199024人评价,梦的勾结。,2006/日本/动画悬疑科幻惊悚,红辣椒,112,8.9
379536人评价,两张绝世的脸。 ,1987/香港/爱情奇幻武侠古装,倩女幽魂,113,8.7
332559人评价,恐怖分子的“秋菊打官司”。,2013/韩国/剧情犯罪悬疑,恐怖直播,114,8.7
236638人评价,动画片的圣经。,1984/日本/动画奇幻冒险,风之谷,115,8.8
244329人评价,穷尽一生，我们要学会的，不过是彼此拥抱。,2011/美国/剧情,超脱,116,8.8
271890人评价,九年后的重逢是世俗和责任的交叠，没了悸动和青涩，沧桑而温暖。,2004/美国/剧情爱情,爱在日落黄昏时,117,8.8
194622人评价,被上帝抛弃了的上帝之城。,2002/巴西法国/犯罪剧情,上帝之城,118,8.9
266093人评价,从没见过那么流氓的温柔，从没见过那么温柔的流氓。,1999/日本/剧情喜剧,菊次郎的夏天,119,8.8
184435人评价,尊敬他人，尊敬你生活的这片土地，明白孤独是人生的常态。,2015/日本/剧情,小森林 冬春篇,120,9.0
389614人评价,10年的完美句点。,2011/美国英国/剧情悬疑奇幻冒险,哈利·波特与死亡圣器(下),121,8.7
298138人评价,有时候幸福需要等一等。 ,2004/美国/喜剧剧情爱情,幸福终点站,122,8.7
259419人评价,《我是山姆》的《美丽人生》。,2013/韩国/剧情喜剧家庭,7号房的礼物,123,8.8
291743人评价,关于连环杀人悬案的集体回忆。,2003/韩国/犯罪剧情悬疑惊悚,杀人回忆,124,8.7
293503人评价,曾经的那段美好会沉淀为一辈子的记忆。,2010/日本/动画奇幻冒险,借东西的小人阿莉埃蒂,125,8.7
544747人评价,Mr. I Don't Care其实也有Care的时候。,2010/美国法国/喜剧动画冒险,神偷奶爸,126,8.5
397536人评价,诺兰就是保证。,2012/美国英国/剧情动作科幻犯罪惊悚,蝙蝠侠：黑暗骑士崛起,127,8.7
243606人评价,触不到的恋人。,2011/日本/剧情爱情动画奇幻,萤火之森,128,8.8
513379人评价,华太师是黄霑，吴镇宇四大才子之一。,1993/香港/喜剧爱情古装,唐伯虎点秋香,129,8.5
534992人评价,Balalala~~~,2014/美国/喜剧动作科幻动画冒险,超能陆战队,130,8.6
345758人评价,不要给它起名字，起了名字就有感情了。,2001/美国/儿童喜剧动画奇幻冒险,怪兽电力公司,131,8.6
383224人评价,岁月流逝，来日可追。,2010/香港中国大陆/剧情家庭,岁月神偷,132,8.7
122196人评价,我的平常生活就是他人的幸福。,2004/日本/剧情,无人知晓,133,9.1
273226人评价,真相就在眼前。,2004/美国/悬疑惊悚恐怖,电锯惊魂,134,8.7
104935人评价,时代悲歌。,1954/日本/动作冒险剧情,七武士,135,9.2
244500人评价,像吃了苏打饼一样干脆的电影。,2007/美国德国/动作悬疑惊悚,谍影重重3,136,8.8
417793人评价,爱，是个动词。,2003/英国美国法国/喜剧剧情爱情,真爱至上,137,8.6
496889人评价,老少皆宜，这就是好莱坞动画的魅力。,2013/美国/喜剧动画冒险,疯狂原始人,138,8.7
187784人评价,中国家庭的喜怒哀乐忍。,1993/台湾美国/剧情喜剧爱情同性家庭,喜宴,139,8.9
261033人评价,英雄泪短，兄弟情长。 ,1986/香港/剧情动作犯罪,英雄本色,140,8.7
347635人评价,电影诗。,1994/香港台湾/剧情动作爱情武侠古装,东邪西毒,141,8.6
261730人评价,幸福是生生不息，却难以触及的远。 ,1988/日本/动画剧情战争,萤火虫之墓,142,8.7
485093人评价,上帝之城+猜火车+阿甘正传+开心辞典=山寨富翁,2008/英国美国/剧情爱情,贫民窟的百万富翁,143,8.5
451012人评价,优秀的战争片不会美化战场，不会粉饰死亡，不会矮化敌人，不会无视常识，最重要的，不会宣扬战争。,2016/美国澳大利亚/剧情传记历史战争,血战钢锯岭,144,8.7
532504人评价,黑暗之美。,2010/美国/剧情惊悚,黑天鹅,145,8.5
361544人评价,一个针管引发的血案。,2000/美国/犯罪剧情悬疑惊悚,记忆碎片,146,8.6
410999人评价,爱是摈弃傲慢与偏见之后的曙光。,2005/法国英国美国/剧情爱情,傲慢与偏见,147,8.5
288249人评价,把每天当作最后一天般珍惜度过，积极拥抱生活，就是幸福。,2013/英国/喜剧爱情奇幻,时空恋旅人,148,8.7
262355人评价,荒诞讽刺，千奇百巧，抽丝剥茧，百转千回。,2014/中国大陆/剧情犯罪悬疑,心迷宫,149,8.7
215008人评价,香港浪漫主义警匪动作片的巅峰之作。,1991/香港/剧情喜剧动作犯罪,纵横四海,150,8.8
211743人评价,始于荒诞，止于更荒诞。,2014/阿根廷西班牙/剧情喜剧犯罪,荒蛮故事,151,8.8
259638人评价,生活在自己的世界里，也可以让周围的人显得可笑和渺小。,1988/美国/剧情,雨人,152,8.7
182659人评价,任何信念的力量，都无法改变命运。,1990/美国/剧情犯罪,教父3,153,8.8
254299人评价,Jared Leto的腿比女人还美！,2013/美国/剧情传记同性,达拉斯买家俱乐部,154,8.7
115664人评价,坏人的好总是比好人的好来得更感人。,1993/美国/剧情犯罪,完美的世界,155,9.1
255920人评价,跨度十五年的欢乐与泪水。,2010/美国/喜剧动画奇幻冒险,玩具总动员3,156,8.8
324365人评价,偷情本没有这样美。,2000/香港/剧情爱情,花样年华,157,8.6
156080人评价,当这个世界闭上双眼，他却敞开了怀抱。,2004/英国南非意大利美国/剧情历史战争,卢旺达饭店,158,8.9
215938人评价,凝视卑弱生命，用电影改变命运。,2018/黎巴嫩法国美国/剧情,何以为家,159,9.0
111308人评价,如果生活中有什么使你感到快乐，那就去做吧！不要管别人说什么。,2015/德国瑞士南非/剧情冒险家庭,海蒂和爷爷,160,9.1
283430人评价,我们都有权利不与自己的过去和解。,2016/美国/剧情家庭,海边的曼彻斯特,161,8.6
341750人评价,热血沸腾，那个低俗、性感的无耻混蛋又来了。,2012/美国/剧情动作西部冒险,被解救的姜戈,162,8.6
467658人评价,怼天怼地，你走后，她与世界为敌。,2017/美国英国/剧情犯罪,三块广告牌,163,8.7
371639人评价,爱情没有那么多借口，如果不能圆满，只能说明爱的不够。 ,2004/美国/剧情爱情,恋恋笔记本,164,8.5
194385人评价,感情不分食草或者食肉。,2010/日本/剧情动画儿童,你看起来好像很好吃,165,8.8
114301人评价,大海啊，不全是水。,2009/法国瑞士西班牙美国阿联酋/纪录片,海洋,166,9.0
135304人评价,永远看不腻的喜剧。,1966/法国英国/喜剧战争,虎口脱险,167,8.9
323574人评价,愿我们都不用长大，每一座城堡都能永远存在。,2015/美国/喜剧动画冒险,头脑特工队,168,8.7
712381人评价,穿越错位的时空，仰望陨落的星辰，你没留下你的名字，我却无法忘记那句“我爱你”。,2016/日本/剧情爱情动画,你的名字。,169,8.4
159324人评价,有一些东西不应该被遗忘。,2015/中国大陆/纪录片,二十二,170,8.7
291435人评价,迪士尼和皮克斯拿错剧本的产物。,2012/美国/喜剧动画奇幻冒险,无敌破坏王,171,8.7
363549人评价,松鼠才是角儿。,2002/美国/喜剧动画冒险,冰川时代,172,8.5
145185人评价,爱并不需要智商 。,2001/美国/剧情家庭,我是山姆,173,8.9
120383人评价,骨灰级歌舞片。,1952/美国/喜剧歌舞爱情,雨中曲,174,9.0
179833人评价,传奇，不是每个人都可以拥有。,1994/美国/剧情爱情战争西部,燃情岁月,175,8.8
312566人评价,这个世界从不善待努力的人，努力了也不一定会成功，但是知道自己在努力，就是活下去的动力。,2014/美国/剧情音乐,爆裂鼓手,176,8.6
139465人评价,好的剧本是，就算你猜到了结局也猜不到全部。,1997/日本/动画奇幻惊悚,未麻的部屋,177,8.9
249696人评价,对爱的执着，可以超越一切。,2001/美国/冒险剧情科幻,人工智能,178,8.6
340860人评价,他给机器起名“克里斯托弗”，因为这是他初恋的名字。,2014/英国美国/剧情传记战争同性,模仿游戏,179,8.6
184679人评价,惠及一生的美丽。,2015/瑞典/剧情,一个叫欧维的男人决定去死,180,8.8
239759人评价,爱上未来的你。 ,2006/日本/剧情爱情科幻动画,穿越时空的少女,181,8.6
159921人评价,中国式内在的美国电影。,1940/美国/剧情爱情战争,魂断蓝桥,182,8.8
219686人评价,被偷走的岁月，被伤害的生命，被禁锢的灵魂，终将被希望和善意救赎。,2015/爱尔兰加拿大英国美国/剧情家庭,房间,183,8.8
90816人评价,养狗三日，便会对你终其一生。,1987/日本/剧情,忠犬八公物语,184,9.1
299620人评价,不可猜的青春迷笛。 ,1996/英国/剧情犯罪,猜火车,185,8.5
267151人评价,宫崎骏的电影总让人感觉世界是美好的，阳光明媚的。,1989/日本/动画奇幻冒险,魔女宅急便,186,8.6
440330人评价,不要企图在重复中寻找已经失去的爱。,2009/英国澳大利亚/剧情悬疑惊悚,恐怖游轮,187,8.4
168743人评价,人生的N种可能性。,1950/日本/犯罪剧情悬疑,罗生门,188,8.7
320342人评价,来啊，互相伤害啊！,2016/意大利/剧情喜剧,完美陌生人,189,8.5
115925人评价,想你时你在闹海。,1979/中国大陆/冒险动画奇幻,哪吒闹海,190,8.9
283723人评价,王家卫是一种风格，张国荣是一个代表。,1990/香港/犯罪剧情爱情,阿飞正传,191,8.5
201183人评价,是枝裕和的家庭习作。,2015/日本/剧情家庭,海街日记,192,8.7
214351人评价,不得不说，《黑客帝国》系列是商业片与科幻、哲学完美结合的典范。,2003/美国澳大利亚/动作科幻,黑客帝国3：矩阵革命,193,8.6
350980人评价,一个单凭体香达到高潮的男人。,2006/德国法国西班牙美国/剧情犯罪奇幻,香水,194,8.5
326926人评价,当爱情跨越年龄的界限，它似乎能变得更久远一点，成为一种责任，一种水到渠成的相濡以沫。 ,2008/美国德国/剧情爱情,朗读者,195,8.5
168205人评价,世界离独裁只有五天。,2008/德国/剧情惊悚,浪潮,196,8.7
165339人评价,坚硬的信仰。,2004/中国大陆香港/剧情犯罪,可可西里,197,8.7
210879人评价,谁说王家卫镜头很晃？,2004/美国德国/动作悬疑惊悚,谍影重重2,198,8.6
81451人评价,传奇的年代，醉人的童话。,1983(中国大陆)/2019(中国大陆重映)/中国大陆/动画奇幻,天书奇谭,199,9.1
251314人评价,哗啦啦啦啦，天在下雨，哗啦啦啦啦，云在哭泣……找自己。,2002/美国德国捷克/动作悬疑惊悚,谍影重重,200,8.5
142839人评价,弱者送给弱者的一刀。,1991/台湾/剧情犯罪,牯岭街少年杀人事件,201,8.8
217621人评价,做一颗让别人需要你的棋子。,2005/美国法国/剧情犯罪,战争之王,202,8.6
114789人评价,天使保护事件始末。,2007/印度/剧情儿童家庭,地球上的星星,203,8.9
114935人评价,故事的反转与反转，分裂电影的始祖。,1960/美国/悬疑惊悚恐怖,惊魂记,204,8.9
292642人评价,人生如此，浮生如斯。谁人言，花彼岸，此生情长意短。谁都是不懂爱的罢了。,1993/香港/剧情爱情奇幻古装,青蛇,205,8.5
433125人评价,中国版《两杆大烟枪》。,2006/中国大陆香港/喜剧犯罪,疯狂的石头,206,8.4
606983人评价,黑小鸭速效美白记。,2010/泰国/剧情喜剧爱情,初恋这件小事,207,8.3
190599人评价,少见的超越首部的续集，动作片中的经典。,1991/美国法国/动作科幻,终结者2：审判日,208,8.6
506867人评价,邓肯·琼斯继《月球》之后再度奉献出一部精彩绝伦的科幻佳作。,2011/美国加拿大/科幻悬疑惊悚,源代码,209,8.4
163761人评价,只有有信仰的人才能说出事实真相。,2011/伊朗法国/剧情家庭,一次别离,210,8.7
130928人评价,日本的家庭电影已经是世界巅峰了，步履不停是巅峰中的佳作。,2008/日本/剧情家庭,步履不停,211,8.8
104680人评价,诺兰的牛逼来源于内心散发出的恐惧。,1998/英国/犯罪悬疑惊悚,追随,212,8.9
253996人评价,宝莱坞的萝莉与大叔。,2015/印度/剧情喜剧动作,小萝莉的猴神大叔,213,8.5
247142人评价,嬉笑怒骂，调风动月。,1992/香港中国大陆/动作爱情武侠古装,新龙门客栈,214,8.5
234927人评价,爱我就给我看你的播放列表。,2013/美国/喜剧爱情音乐,再次出发之纽约遇见你,215,8.5
159194人评价,所谓爱情，就是话唠一路，都不会心生腻烦，彼此嫌弃。,2013/美国希腊/剧情爱情,爱在午夜降临前,216,8.8
213640人评价,天使与魔鬼的冲撞。,2004/美国德国/犯罪剧情,撞车,217,8.6
282428人评价,昆汀同学越来越变态了，比北野武还杜琪峰。,2009/美国德国/剧情犯罪,无耻混蛋,218,8.5
140265人评价,一场没有春天的噩梦。,2000/美国/剧情,梦之安魂曲,219,8.7
61922人评价,永远的小人物，伟大的卓别林。,1931/美国/喜剧剧情爱情,城市之光,220,9.3
68910人评价,东京那么大，如果有一天走失了，恐怕一辈子不能再相见。,1953/日本/剧情家庭,东京物语,221,9.2
429994人评价,警恶惩奸，维护世界和平这个任务就交给你了，好吗？,2004/中国大陆香港/动作喜剧犯罪奇幻,功夫,222,8.3
261633人评价,小成本大魅力。,2013/美国英国/科幻悬疑惊悚,彗星来的那一夜,223,8.5
139282人评价,天使暂时离开。,1999/美国/犯罪剧情奇幻悬疑,绿里奇迹,224,8.7
185495人评价,每个美丽事物背后都是滴血的现实。,2006/美国德国/剧情惊悚冒险,血钻,225,8.6
140969人评价,现代科幻电影的开山之作，最伟大导演的最伟大影片。,1968/英国美国/科幻惊悚冒险,2001太空漫游,226,8.7
301588人评价,世界不完美，爱会有奇迹。,2017/美国香港/剧情儿童家庭,奇迹男孩,227,8.6
166614人评价,新闻人的理性求真。,2015/美国/剧情传记,聚焦,228,8.8
237504人评价,科幻真正的魅力不是视觉效果能取代的。 ,2007/美国/剧情科幻,这个男人来自地球,229,8.5
203752人评价,生病的E.T.皮肤的颜色就像柿子饼。,1982/美国/剧情科幻,E.T. 外星人,230,8.5
133161人评价,没有了退路，只好飞向自由。,1991/美国法国/犯罪剧情惊悚,末路狂花,231,8.7
230861人评价,我完全康复了。,1971/英国美国/犯罪剧情科幻,发条橙,232,8.5
264746人评价,当发哥的风衣、墨镜出现在了凯奇身上⋯⋯,1997/美国/动作科幻犯罪惊悚,变脸,233,8.4
176522人评价,类型片的极致。 ,1996/美国/动作冒险,勇闯夺命岛,234,8.6
161630人评价,还原真实而残酷的战争。,2001/美国/动作历史战争,黑鹰坠落,235,8.6
279924人评价,“多么美好的一天！”轰轰轰砰咚，啪哒哒哒轰隆隆，磅~,2015/澳大利亚美国/动作科幻冒险,疯狂的麦克斯4：狂暴之路,236,8.6
68282人评价,最棒的西部片。,1966/意大利西班牙西德/冒险西部,黄金三镖客,237,9.1
396472人评价,青春就是放弃和怀念。,2007/日本/动画剧情爱情,秒速5厘米,238,8.3
423544人评价,皇上无话儿。,2010/英国澳大利亚美国/剧情传记历史,国王的演讲,239,8.4
80855人评价,你要相信，这世上真的有爱存在，不管在什么年纪 ,2011/韩国/剧情爱情,我爱你,240,9.0
156299人评价,我不信仰上帝，但我敬畏上帝。,1995/德国美国/剧情犯罪悬疑惊悚,非常嫌疑犯,241,8.6
155416人评价,世界上有那么多女人那么多酒馆，但她偏偏走进我的这家。,1942/美国/剧情爱情战争,卡萨布兰卡,242,8.6
123926人评价,一部能引人思考的科幻励志片。,1997/美国/剧情科幻惊悚,千钧一发,243,8.7
180174人评价,用剩余不多的时间，去燃烧整个生命。,2007/美国/冒险喜剧剧情,遗愿清单,244,8.6
231004人评价,每个人的内心都是深不可测的大海。 ,1999/美国/剧情爱情家庭,美国丽人,245,8.5
476908人评价,过去的如果就让它过去了，未来只会越来越糟！,2016/中国大陆/剧情喜剧,驴得水,246,8.3
133397人评价,要做就做得狠一点，这样才能活下去。,2013/韩国/剧情犯罪,新世界,247,8.7
517232人评价,揭露人性的丧尸题材力作。,2016/韩国/动作惊悚灾难,釜山行,248,8.4
79903人评价,来也匆匆去也匆匆，就这样风雨兼程。,2017/中国大陆/纪录片家庭,四个春天,249,8.9
178223人评价,一个人的独角戏。,2000/美国/冒险剧情,荒岛余生,250,8.5
comment,description,introduce,movie_name,serial_number,star
1435444人评价,希望让人自由。,1994/美国/犯罪剧情,肖申克的救赎,1,9.6
1063351人评价,风华绝代。,1993/中国大陆香港/剧情爱情同性,霸王别姬,2,9.6
1308625人评价,怪蜀黍和小萝莉不得不说的故事。,1994/法国/剧情动作犯罪,这个杀手不太冷,3,9.4
1129757人评价,一部美国近现代史。,1994/美国/剧情爱情,阿甘正传,4,9.4
661858人评价,最美的谎言。,1997/意大利/剧情喜剧爱情战争,美丽人生,5,9.5
1070860人评价,失去的才是永恒的。 ,1997/美国/剧情爱情灾难,泰坦尼克号,6,9.3
1056072人评价,最好的宫崎骏，最好的久石让。 ,2001/日本/剧情动画奇幻,千与千寻,7,9.3
589727人评价,拯救一个人，就是拯救整个世界。,1993/美国/剧情历史战争,辛德勒的名单,8,9.5
1131817人评价,诺兰给了我们一场无法盗取的梦。,2010/美国英国/剧情科幻悬疑冒险,盗梦空间,9,9.3
749337人评价,永远都不能忘记你所爱的人。,2009/美国英国/剧情,忠犬八公的故事,10,9.3
749641人评价,小瓦力，大人生。,2008/美国/爱情科幻动画冒险,机器人总动员,11,9.3
1018412人评价,英俊版憨豆，高情商版谢耳朵。,2009/印度/剧情喜剧爱情歌舞,三傻大闹宝莱坞,12,9.2
833875人评价,每个人都要走一条自己坚定了的路，就算是粉身碎骨。 ,1998/意大利/剧情音乐,海上钢琴师,13,9.2
706150人评价,天籁一般的童声，是最接近上帝的存在。 ,2004/法国瑞士德国/剧情音乐,放牛班的春天,14,9.3
781829人评价,如果再也不能见到你，祝你早安，午安，晚安。,1998/美国/剧情科幻,楚门的世界,15,9.2
788825人评价,一生所爱。,1995/香港中国大陆/喜剧爱情奇幻古装,大话西游之大圣娶亲,16,9.2
809961人评价,爱是一种力量，让我们超越时空感知它的存在。,2014/美国英国加拿大冰岛/剧情科幻冒险,星际穿越,17,9.2
697812人评价,人人心中都有个龙猫，童年就永远不会消失。,1988/日本/动画奇幻冒险,龙猫,18,9.2
511037人评价,千万不要记恨你的对手，这样会让你失去理智。,1972/美国/剧情犯罪,教父,19,9.3
458957人评价,我们一路奋战不是为了改变世界，而是为了不让世界改变我们。,2011/韩国/剧情,熔炉,20,9.3
648275人评价,香港电影史上永不过时的杰作。,2002/香港/剧情犯罪悬疑,无间道,21,9.2
893513人评价,迪士尼给我们营造的乌托邦就是这样，永远善良勇敢，永远出乎意料。,2016/美国/喜剧动画冒险,疯狂动物城,22,9.2
825097人评价,平民励志片。 ,2006/美国/剧情传记家庭,当幸福来敲门,23,9.0
913406人评价,真正的幸福是来自内心深处。,2010/美国/剧情喜剧爱情,怦然心动,24,9.0
544775人评价,满满温情的高雅喜剧。,2011/法国/剧情喜剧,触不可及,25,9.2
528506人评价,无尽的黑暗。,2008/美国英国/剧情动作科幻犯罪惊悚,蝙蝠侠：黑暗骑士,26,9.1
377876人评价,Tomorrow is another day.,1939/美国/剧情历史爱情战争,乱世佳人,27,9.2
421121人评价,张艺谋最好的电影。,1994/中国大陆香港/剧情历史家庭,活着,28,9.2
183779人评价,比利·怀德满分作品。,1957/美国/剧情犯罪悬疑,控方证人,29,9.6
819380人评价,瑰丽壮观、无人能及的冒险之旅。,2012/美国台湾英国加拿大/剧情奇幻冒险,少年派的奇幻漂流,30,9.0
413081人评价,史诗的终章。,2003/美国新西兰/剧情动作奇幻冒险,指环王3：王者无敌,31,9.2
403798人评价,那些吻戏，那些青春，都在影院的黑暗里被泪水冲刷得无比清晰。,1988/意大利法国/剧情爱情,天堂电影院,32,9.2
343715人评价,对敌人的仁慈，就是对自己残忍。,2000/中国大陆/剧情历史战争,鬼子来了,33,9.2
244306人评价,1957年的理想主义。 ,1957/美国/剧情,十二怒汉,34,9.4
483151人评价,对天空的追逐，永不停止。 ,1986/日本/动画奇幻冒险,天空之城,35,9.1
793164人评价,你不是在为你一个人战斗，你要让千千万万的女性看到女生并不是只能相夫教子。,2016/印度/剧情传记运动家庭,摔跤吧！爸爸,36,9.0
735470人评价,最后那些最无聊的事情，才是最值得怀念的。 ,2009/美国/剧情喜剧动画冒险,飞屋环游记,37,9.0
637479人评价,旷古烁今。,1995/香港中国大陆/喜剧爱情奇幻古装,大话西游之月光宝盒,38,9.0
525041人评价,邪恶与平庸蛰伏于同一个母体，在特定的时间互相对峙。,1999/美国德国/剧情动作悬疑惊悚,搏击俱乐部,39,9.0
537241人评价,带着心爱的人在天空飞翔。,2004/日本/动画奇幻冒险,哈尔的移动城堡,40,9.0
550354人评价,爱情哪怕只有一天。,1953/美国/喜剧剧情爱情,罗马假日,41,9.0
471041人评价,史上最美的探戈。,1992/美国/剧情,闻香识女人,42,9.0
325165人评价,电影的现实意义大过电影本身。,2013/韩国/剧情,辩护人,43,9.2
324696人评价,“不要跟我比惨，我比你更惨”再适合这部电影不过了。,1987/英国意大利中国大陆法国/剧情传记历史,末代皇帝,44,9.1
326538人评价,别样人生。,2006/德国/剧情悬疑,窃听风暴,45,9.1
757499人评价,死亡不是真的逝去，遗忘才是永恒的消亡。,2017/美国/喜剧动画奇幻音乐,寻梦环游记,46,9.0
358622人评价,4个臭皮匠顶个诸葛亮，盖·里奇果然不是盖的。,1998/英国/剧情喜剧犯罪,两杆大烟枪,47,9.1
299509人评价,受过伤害的人总是笑得最开心，因为他们不愿意让身边的人承受一样的痛苦。,2013/韩国/剧情,素媛,48,9.2
398059人评价,当一个死水般的体制内出现一个活跃的变数时，所有的腐臭都站在了光明的对面。,1989/美国/剧情,死亡诗社,49,9.0
361572人评价,自由万岁。,1975/美国/剧情,飞越疯人院,50,9.1
387859人评价,承前启后的史诗篇章。,2002/美国新西兰/剧情动作奇幻冒险,指环王2：双塔奇兵,51,9.0
277433人评价,优雅的孤独。,1974/美国/剧情犯罪,教父2,52,9.2
608359人评价,一张面具背后的理想与革命。,2005/美国英国德国/剧情动作科幻惊悚,V字仇杀队,53,8.9
435146人评价,传说的开始。,2001/新西兰美国/剧情动作奇幻冒险,指环王1：魔戒再现,54,9.0
413617人评价,动物版《哈姆雷特》。,1994/美国/剧情动画冒险歌舞家庭,狮子王,55,9.0
298098人评价,人生不能像做菜，把所有的料都准备好了才下锅。,1994/台湾美国/剧情家庭,饮食男女,56,9.1
423035人评价,爱是一切逻辑和原由。,2001/美国/传记剧情,美丽心灵,57,9.0
238463人评价,海豚的微笑，是世界上最高明的伪装。,2009/美国/纪录片,海豚湾,58,9.3
524264人评价,暗恋的极致。,1995/日本/剧情爱情,情书,59,8.9
279139人评价,音乐能化解仇恨。,2002/法国德国英国波兰/剧情传记历史战争音乐,钢琴家,60,9.1
552165人评价,在时间之河里感受溺水之苦。,2008/美国/剧情爱情奇幻,本杰明·巴顿奇事,61,8.8
594885人评价,你以为你以为的就是你以为的。,2016/西班牙/剧情犯罪悬疑惊悚,看不见的客人,62,8.8
238516人评价,往事如烟，无处祭奠。,1984/意大利美国/犯罪剧情,美国往事,63,9.1
413094人评价,视觉革命。,1999/美国澳大利亚/动作科幻,黑客帝国,64,8.9
524314人评价,美丽无罪。,2000/意大利美国/剧情战争情色,西西里的美丽传说,65,8.8
436562人评价,童话世界的开端。,2001/美国英国/奇幻冒险,哈利·波特与魔法石,66,8.9
205702人评价,奔跑的孩子是天使。,1997/伊朗/剧情儿童家庭,小鞋子,67,9.2
173202人评价,经典之作，历久弥新。,1961(中国大陆)/1964(中国大陆)/1978(中国大陆)/2004(中国大陆)/中国大陆/动画奇幻,大闹天宫,68,9.3
352472人评价,美利坚精神输出大片No1.,1998/美国/剧情历史战争,拯救大兵瑞恩,69,9.0
898407人评价,你给我翻译翻译，神马叫做TMD的惊喜。,2010/中国大陆香港/剧情喜剧动作西部,让子弹飞,70,8.8
478261人评价,孪生蝙蝠侠大战克隆金刚狼。,2006/美国英国/剧情悬疑惊悚,致命魔术,71,8.8
572489人评价,警察抓小偷，老鼠玩死猫。,1995/美国/剧情犯罪悬疑惊悚,七宗罪,72,8.8
323256人评价,用音乐化解仇恨，让歌声串起美好。,1965/美国/剧情传记爱情歌舞,音乐之声,73,9.0
425580人评价,以戏谑来戏谑戏谑。,2006/日本/剧情歌舞,被嫌弃的松子的一生,74,8.9
472669人评价,故事的高级讲法。,1994/美国/剧情喜剧犯罪,低俗小说,75,8.8
373781人评价,骗子大师和执著警探的你追我跑故事。 ,2002/美国加拿大/传记犯罪剧情,猫鼠游戏,76,8.9
477750人评价,安东尼·霍普金斯的顶级表演。,1991/美国/剧情犯罪惊悚,沉默的羔羊,77,8.8
635339人评价,法式小清新。 ,2001/法国德国/喜剧爱情,天使爱美丽,78,8.7
376710人评价,史诗大片的典范。,1995/美国/动作传记剧情历史战争,勇敢的心,79,8.9
525696人评价,人的命运被自己瞬间的抉择改变。,2004/美国加拿大/剧情悬疑科幻惊悚,蝴蝶效应,80,8.7
651170人评价,浪漫忧郁的成人童话。,1990/美国/剧情奇幻爱情,剪刀手爱德华,81,8.7
350825人评价,爱情纠缠，男女一致。,1997/香港日本韩国/剧情爱情同性,春光乍泄,82,8.9
384931人评价,人生中应该拥有这样的一段豁然开朗。,1997/美国/剧情,心灵捕手,83,8.8
513082人评价,昔日翩翩少年，今日大腹便便。,2010/美国/剧情悬疑惊悚,禁闭岛,84,8.7
238104人评价,尽管有些不切实际的幻想，这部电影依旧是一部感人肺腑的佳作。,2008/英国美国/剧情战争,穿条纹睡衣的男孩,85,9.0
475760人评价,小清新的故事里注入了大历史的情怀。,2014/美国德国英国/剧情喜剧冒险,布达佩斯大饭店,86,8.8
392228人评价,死可能是一道门，逝去并不是终结，而是超越，走向下一程。,2008/日本/剧情,入殓师,87,8.8
752454人评价,绝对意义上的美轮美奂。,2009/美国英国/动作战争科幻冒险,阿凡达,88,8.7
322189人评价,人与自然的战争史诗。,1997/日本/动画奇幻冒险,幽灵公主,89,8.8
366756人评价,一场华丽的意淫。,1994/中国大陆香港/剧情爱情,阳光灿烂的日子,90,8.8
437841人评价,最不可能的那个人永远是最可能的。,2003/美国/剧情悬疑惊悚,致命ID,91,8.7
495002人评价,约翰尼·德普的独角戏。,2003/美国/动作冒险奇幻,加勒比海盗,92,8.7
314428人评价,深入内心的恐怖，出人意料的结局。,1999/美国/剧情悬疑惊悚,第六感,93,8.8
432008人评价,每个人心中都有一座断背山。,2005/美国加拿大/剧情爱情同性家庭,断背山,94,8.7
139357人评价,大时代中的人生，小人物的悲喜。,1936/美国/剧情喜剧爱情,摩登时代,95,9.2
451413人评价,寂寞没有期限。,1994/香港/剧情爱情,重庆森林,96,8.7
188845人评价,人言可畏。,2012/丹麦瑞典/剧情,狩猎,97,9.1
282231人评价,你是我最好的朋友，你是我唯一的朋友 。,2009/澳大利亚/剧情喜剧动画,玛丽和马克思,98,8.9
484937人评价,我是一个演员。,1999/香港/喜剧剧情爱情,喜剧之王,99,8.7
452005人评价,没有一人完全善，也没有一人完全恶。,2010/日本/剧情惊悚,告白,100,8.7
503102人评价,年度最佳date movie。,2014/美国/剧情犯罪悬疑惊悚,消失的爱人,101,8.7
334296人评价,抱着梦想而活着的人是幸福的，怀抱梦想而死去的人是不朽的。,2003/美国/剧情家庭奇幻冒险,大鱼,102,8.8
203418人评价,我们都曾经是一一。,2000/台湾日本/剧情爱情家庭,一一,103,9.0
370091人评价,百看不厌。 ,1993/香港/喜剧奇幻武侠古装,射雕英雄传之东成西就,104,8.7
361829人评价,再多各自牛逼的时光，也比不上一起傻逼的岁月。 ,2011/韩国/剧情喜剧,阳光姐妹淘,105,8.8
311237人评价,缘分是个连绵词，最美不过一瞬。,1995/美国奥地利瑞士/剧情爱情,爱在黎明破晓前,106,8.8
297295人评价,相逢只要一瞬间，等待却像是一辈子。,1996/香港/剧情爱情,甜蜜蜜,107,8.8
211580人评价,那些静得只能听见呼吸的日子里，你明白孤独即生活。,2014/日本/剧情,小森林 夏秋篇,108,9.0
304179人评价,沉醉在电影的情感和视听氛围中无法自拔。,2017/意大利法国巴西美国荷兰德国/剧情爱情同性,请以你的名字呼唤我,109,8.8
241241人评价,少女情怀总是诗。,1995/日本/剧情爱情动画,侧耳倾听,110,8.8
416709人评价,和谐的生活离不开摸头与被摸头。,2010/美国/动画奇幻冒险,驯龙高手,111,8.7
199077人评价,梦的勾结。,2006/日本/动画悬疑科幻惊悚,红辣椒,112,8.9
379536人评价,两张绝世的脸。 ,1987/香港/爱情奇幻武侠古装,倩女幽魂,113,8.7
332559人评价,恐怖分子的“秋菊打官司”。,2013/韩国/剧情犯罪悬疑,恐怖直播,114,8.7
236638人评价,动画片的圣经。,1984/日本/动画奇幻冒险,风之谷,115,8.8
244329人评价,穷尽一生，我们要学会的，不过是彼此拥抱。,2011/美国/剧情,超脱,116,8.8
271890人评价,九年后的重逢是世俗和责任的交叠，没了悸动和青涩，沧桑而温暖。,2004/美国/剧情爱情,爱在日落黄昏时,117,8.8
194622人评价,被上帝抛弃了的上帝之城。,2002/巴西法国/犯罪剧情,上帝之城,118,8.9
266093人评价,从没见过那么流氓的温柔，从没见过那么温柔的流氓。,1999/日本/剧情喜剧,菊次郎的夏天,119,8.8
184435人评价,尊敬他人，尊敬你生活的这片土地，明白孤独是人生的常态。,2015/日本/剧情,小森林 冬春篇,120,9.0
389614人评价,10年的完美句点。,2011/美国英国/剧情悬疑奇幻冒险,哈利·波特与死亡圣器(下),121,8.7
298138人评价,有时候幸福需要等一等。 ,2004/美国/喜剧剧情爱情,幸福终点站,122,8.7
259419人评价,《我是山姆》的《美丽人生》。,2013/韩国/剧情喜剧家庭,7号房的礼物,123,8.8
291743人评价,关于连环杀人悬案的集体回忆。,2003/韩国/犯罪剧情悬疑惊悚,杀人回忆,124,8.7
293503人评价,曾经的那段美好会沉淀为一辈子的记忆。,2010/日本/动画奇幻冒险,借东西的小人阿莉埃蒂,125,8.7
544747人评价,Mr. I Don't Care其实也有Care的时候。,2010/美国法国/喜剧动画冒险,神偷奶爸,126,8.5
397536人评价,诺兰就是保证。,2012/美国英国/剧情动作科幻犯罪惊悚,蝙蝠侠：黑暗骑士崛起,127,8.7
243606人评价,触不到的恋人。,2011/日本/剧情爱情动画奇幻,萤火之森,128,8.8
513379人评价,华太师是黄霑，吴镇宇四大才子之一。,1993/香港/喜剧爱情古装,唐伯虎点秋香,129,8.5
534992人评价,Balalala~~~,2014/美国/喜剧动作科幻动画冒险,超能陆战队,130,8.6
345758人评价,不要给它起名字，起了名字就有感情了。,2001/美国/儿童喜剧动画奇幻冒险,怪兽电力公司,131,8.6
383257人评价,岁月流逝，来日可追。,2010/香港中国大陆/剧情家庭,岁月神偷,132,8.7
122196人评价,我的平常生活就是他人的幸福。,2004/日本/剧情,无人知晓,133,9.1
273226人评价,真相就在眼前。,2004/美国/悬疑惊悚恐怖,电锯惊魂,134,8.7
104935人评价,时代悲歌。,1954/日本/动作冒险剧情,七武士,135,9.2
244500人评价,像吃了苏打饼一样干脆的电影。,2007/美国德国/动作悬疑惊悚,谍影重重3,136,8.8
417842人评价,爱，是个动词。,2003/英国美国法国/喜剧剧情爱情,真爱至上,137,8.6
496889人评价,老少皆宜，这就是好莱坞动画的魅力。,2013/美国/喜剧动画冒险,疯狂原始人,138,8.7
187784人评价,中国家庭的喜怒哀乐忍。,1993/台湾美国/剧情喜剧爱情同性家庭,喜宴,139,8.9
261033人评价,英雄泪短，兄弟情长。 ,1986/香港/剧情动作犯罪,英雄本色,140,8.7
347635人评价,电影诗。,1994/香港台湾/剧情动作爱情武侠古装,东邪西毒,141,8.6
261730人评价,幸福是生生不息，却难以触及的远。 ,1988/日本/动画剧情战争,萤火虫之墓,142,8.7
485093人评价,上帝之城+猜火车+阿甘正传+开心辞典=山寨富翁,2008/英国美国/剧情爱情,贫民窟的百万富翁,143,8.5
451012人评价,优秀的战争片不会美化战场，不会粉饰死亡，不会矮化敌人，不会无视常识，最重要的，不会宣扬战争。,2016/美国澳大利亚/剧情传记历史战争,血战钢锯岭,144,8.7
532504人评价,黑暗之美。,2010/美国/剧情惊悚,黑天鹅,145,8.5
361544人评价,一个针管引发的血案。,2000/美国/犯罪剧情悬疑惊悚,记忆碎片,146,8.6
410999人评价,爱是摈弃傲慢与偏见之后的曙光。,2005/法国英国美国/剧情爱情,傲慢与偏见,147,8.5
288249人评价,把每天当作最后一天般珍惜度过，积极拥抱生活，就是幸福。,2013/英国/喜剧爱情奇幻,时空恋旅人,148,8.7
262355人评价,荒诞讽刺，千奇百巧，抽丝剥茧，百转千回。,2014/中国大陆/剧情犯罪悬疑,心迷宫,149,8.7
215008人评价,香港浪漫主义警匪动作片的巅峰之作。,1991/香港/剧情喜剧动作犯罪,纵横四海,150,8.8
211743人评价,始于荒诞，止于更荒诞。,2014/阿根廷西班牙/剧情喜剧犯罪,荒蛮故事,151,8.8
259638人评价,生活在自己的世界里，也可以让周围的人显得可笑和渺小。,1988/美国/剧情,雨人,152,8.7
182659人评价,任何信念的力量，都无法改变命运。,1990/美国/剧情犯罪,教父3,153,8.8
254299人评价,Jared Leto的腿比女人还美！,2013/美国/剧情传记同性,达拉斯买家俱乐部,154,8.7
115664人评价,坏人的好总是比好人的好来得更感人。,1993/美国/剧情犯罪,完美的世界,155,9.1
255920人评价,跨度十五年的欢乐与泪水。,2010/美国/喜剧动画奇幻冒险,玩具总动员3,156,8.8
324365人评价,偷情本没有这样美。,2000/香港/剧情爱情,花样年华,157,8.6
156080人评价,当这个世界闭上双眼，他却敞开了怀抱。,2004/英国南非意大利美国/剧情历史战争,卢旺达饭店,158,8.9
215938人评价,凝视卑弱生命，用电影改变命运。,2018/黎巴嫩法国美国/剧情,何以为家,159,9.0
111308人评价,如果生活中有什么使你感到快乐，那就去做吧！不要管别人说什么。,2015/德国瑞士南非/剧情冒险家庭,海蒂和爷爷,160,9.1
283430人评价,我们都有权利不与自己的过去和解。,2016/美国/剧情家庭,海边的曼彻斯特,161,8.6
341750人评价,热血沸腾，那个低俗、性感的无耻混蛋又来了。,2012/美国/剧情动作西部冒险,被解救的姜戈,162,8.6
467658人评价,怼天怼地，你走后，她与世界为敌。,2017/美国英国/剧情犯罪,三块广告牌,163,8.7
371639人评价,爱情没有那么多借口，如果不能圆满，只能说明爱的不够。 ,2004/美国/剧情爱情,恋恋笔记本,164,8.5
194385人评价,感情不分食草或者食肉。,2010/日本/剧情动画儿童,你看起来好像很好吃,165,8.8
114309人评价,大海啊，不全是水。,2009/法国瑞士西班牙美国阿联酋/纪录片,海洋,166,9.0
135304人评价,永远看不腻的喜剧。,1966/法国英国/喜剧战争,虎口脱险,167,8.9
323574人评价,愿我们都不用长大，每一座城堡都能永远存在。,2015/美国/喜剧动画冒险,头脑特工队,168,8.7
712381人评价,穿越错位的时空，仰望陨落的星辰，你没留下你的名字，我却无法忘记那句“我爱你”。,2016/日本/剧情爱情动画,你的名字。,169,8.4
159324人评价,有一些东西不应该被遗忘。,2015/中国大陆/纪录片,二十二,170,8.7
291435人评价,迪士尼和皮克斯拿错剧本的产物。,2012/美国/喜剧动画奇幻冒险,无敌破坏王,171,8.7
363549人评价,松鼠才是角儿。,2002/美国/喜剧动画冒险,冰川时代,172,8.5
145185人评价,爱并不需要智商 。,2001/美国/剧情家庭,我是山姆,173,8.9
120383人评价,骨灰级歌舞片。,1952/美国/喜剧歌舞爱情,雨中曲,174,9.0
179849人评价,传奇，不是每个人都可以拥有。,1994/美国/剧情爱情战争西部,燃情岁月,175,8.8
312566人评价,这个世界从不善待努力的人，努力了也不一定会成功，但是知道自己在努力，就是活下去的动力。,2014/美国/剧情音乐,爆裂鼓手,176,8.6
139465人评价,好的剧本是，就算你猜到了结局也猜不到全部。,1997/日本/动画奇幻惊悚,未麻的部屋,177,8.9
249696人评价,对爱的执着，可以超越一切。,2001/美国/冒险剧情科幻,人工智能,178,8.6
340911人评价,他给机器起名“克里斯托弗”，因为这是他初恋的名字。,2014/英国美国/剧情传记战争同性,模仿游戏,179,8.6
184679人评价,惠及一生的美丽。,2015/瑞典/剧情,一个叫欧维的男人决定去死,180,8.8
239759人评价,爱上未来的你。 ,2006/日本/剧情爱情科幻动画,穿越时空的少女,181,8.6
159921人评价,中国式内在的美国电影。,1940/美国/剧情爱情战争,魂断蓝桥,182,8.8
219686人评价,被偷走的岁月，被伤害的生命，被禁锢的灵魂，终将被希望和善意救赎。,2015/爱尔兰加拿大英国美国/剧情家庭,房间,183,8.8
90816人评价,养狗三日，便会对你终其一生。,1987/日本/剧情,忠犬八公物语,184,9.1
299620人评价,不可猜的青春迷笛。 ,1996/英国/剧情犯罪,猜火车,185,8.5
267151人评价,宫崎骏的电影总让人感觉世界是美好的，阳光明媚的。,1989/日本/动画奇幻冒险,魔女宅急便,186,8.6
440330人评价,不要企图在重复中寻找已经失去的爱。,2009/英国澳大利亚/剧情悬疑惊悚,恐怖游轮,187,8.4
168743人评价,人生的N种可能性。,1950/日本/犯罪剧情悬疑,罗生门,188,8.7
320391人评价,来啊，互相伤害啊！,2016/意大利/剧情喜剧,完美陌生人,189,8.5
115925人评价,想你时你在闹海。,1979/中国大陆/冒险动画奇幻,哪吒闹海,190,8.9
283723人评价,王家卫是一种风格，张国荣是一个代表。,1990/香港/犯罪剧情爱情,阿飞正传,191,8.5
201183人评价,是枝裕和的家庭习作。,2015/日本/剧情家庭,海街日记,192,8.7
214351人评价,不得不说，《黑客帝国》系列是商业片与科幻、哲学完美结合的典范。,2003/美国澳大利亚/动作科幻,黑客帝国3：矩阵革命,193,8.6
351030人评价,一个单凭体香达到高潮的男人。,2006/德国法国西班牙美国/剧情犯罪奇幻,香水,194,8.5
326926人评价,当爱情跨越年龄的界限，它似乎能变得更久远一点，成为一种责任，一种水到渠成的相濡以沫。 ,2008/美国德国/剧情爱情,朗读者,195,8.5
168205人评价,世界离独裁只有五天。,2008/德国/剧情惊悚,浪潮,196,8.7
165339人评价,坚硬的信仰。,2004/中国大陆香港/剧情犯罪,可可西里,197,8.7
210879人评价,谁说王家卫镜头很晃？,2004/美国德国/动作悬疑惊悚,谍影重重2,198,8.6
81451人评价,传奇的年代，醉人的童话。,1983(中国大陆)/2019(中国大陆重映)/中国大陆/动画奇幻,天书奇谭,199,9.1
251314人评价,哗啦啦啦啦，天在下雨，哗啦啦啦啦，云在哭泣……找自己。,2002/美国德国捷克/动作悬疑惊悚,谍影重重,200,8.5
142839人评价,弱者送给弱者的一刀。,1991/台湾/剧情犯罪,牯岭街少年杀人事件,201,8.8
217621人评价,做一颗让别人需要你的棋子。,2005/美国法国/剧情犯罪,战争之王,202,8.6
114807人评价,天使保护事件始末。,2007/印度/剧情儿童家庭,地球上的星星,203,8.9
114935人评价,故事的反转与反转，分裂电影的始祖。,1960/美国/悬疑惊悚恐怖,惊魂记,204,8.9
292683人评价,人生如此，浮生如斯。谁人言，花彼岸，此生情长意短。谁都是不懂爱的罢了。,1993/香港/剧情爱情奇幻古装,青蛇,205,8.5
433125人评价,中国版《两杆大烟枪》。,2006/中国大陆香港/喜剧犯罪,疯狂的石头,206,8.4
606983人评价,黑小鸭速效美白记。,2010/泰国/剧情喜剧爱情,初恋这件小事,207,8.3
190599人评价,少见的超越首部的续集，动作片中的经典。,1991/美国法国/动作科幻,终结者2：审判日,208,8.6
506867人评价,邓肯·琼斯继《月球》之后再度奉献出一部精彩绝伦的科幻佳作。,2011/美国加拿大/科幻悬疑惊悚,源代码,209,8.4
163761人评价,只有有信仰的人才能说出事实真相。,2011/伊朗法国/剧情家庭,一次别离,210,8.7
130928人评价,日本的家庭电影已经是世界巅峰了，步履不停是巅峰中的佳作。,2008/日本/剧情家庭,步履不停,211,8.8
104680人评价,诺兰的牛逼来源于内心散发出的恐惧。,1998/英国/犯罪悬疑惊悚,追随,212,8.9
253996人评价,宝莱坞的萝莉与大叔。,2015/印度/剧情喜剧动作,小萝莉的猴神大叔,213,8.5
247142人评价,嬉笑怒骂，调风动月。,1992/香港中国大陆/动作爱情武侠古装,新龙门客栈,214,8.5
234979人评价,爱我就给我看你的播放列表。,2013/美国/喜剧爱情音乐,再次出发之纽约遇见你,215,8.5
159194人评价,所谓爱情，就是话唠一路，都不会心生腻烦，彼此嫌弃。,2013/美国希腊/剧情爱情,爱在午夜降临前,216,8.8
213640人评价,天使与魔鬼的冲撞。,2004/美国德国/犯罪剧情,撞车,217,8.6
282476人评价,昆汀同学越来越变态了，比北野武还杜琪峰。,2009/美国德国/剧情犯罪,无耻混蛋,218,8.5
140265人评价,一场没有春天的噩梦。,2000/美国/剧情,梦之安魂曲,219,8.7
61922人评价,永远的小人物，伟大的卓别林。,1931/美国/喜剧剧情爱情,城市之光,220,9.3
68910人评价,东京那么大，如果有一天走失了，恐怕一辈子不能再相见。,1953/日本/剧情家庭,东京物语,221,9.2
429994人评价,警恶惩奸，维护世界和平这个任务就交给你了，好吗？,2004/中国大陆香港/动作喜剧犯罪奇幻,功夫,222,8.3
261633人评价,小成本大魅力。,2013/美国英国/科幻悬疑惊悚,彗星来的那一夜,223,8.5
139282人评价,天使暂时离开。,1999/美国/犯罪剧情奇幻悬疑,绿里奇迹,224,8.7
185550人评价,每个美丽事物背后都是滴血的现实。,2006/美国德国/剧情惊悚冒险,血钻,225,8.6
140969人评价,现代科幻电影的开山之作，最伟大导演的最伟大影片。,1968/英国美国/科幻惊悚冒险,2001太空漫游,226,8.7
301588人评价,世界不完美，爱会有奇迹。,2017/美国香港/剧情儿童家庭,奇迹男孩,227,8.6
166614人评价,新闻人的理性求真。,2015/美国/剧情传记,聚焦,228,8.8
237504人评价,科幻真正的魅力不是视觉效果能取代的。 ,2007/美国/剧情科幻,这个男人来自地球,229,8.5
203752人评价,生病的E.T.皮肤的颜色就像柿子饼。,1982/美国/剧情科幻,E.T. 外星人,230,8.5
133161人评价,没有了退路，只好飞向自由。,1991/美国法国/犯罪剧情惊悚,末路狂花,231,8.7
230861人评价,我完全康复了。,1971/英国美国/犯罪剧情科幻,发条橙,232,8.5
264746人评价,当发哥的风衣、墨镜出现在了凯奇身上⋯⋯,1997/美国/动作科幻犯罪惊悚,变脸,233,8.4
176522人评价,类型片的极致。 ,1996/美国/动作冒险,勇闯夺命岛,234,8.6
161630人评价,还原真实而残酷的战争。,2001/美国/动作历史战争,黑鹰坠落,235,8.6
279924人评价,“多么美好的一天！”轰轰轰砰咚，啪哒哒哒轰隆隆，磅~,2015/澳大利亚美国/动作科幻冒险,疯狂的麦克斯4：狂暴之路,236,8.6
68282人评价,最棒的西部片。,1966/意大利西班牙西德/冒险西部,黄金三镖客,237,9.1
396472人评价,青春就是放弃和怀念。,2007/日本/动画剧情爱情,秒速5厘米,238,8.3
423544人评价,皇上无话儿。,2010/英国澳大利亚美国/剧情传记历史,国王的演讲,239,8.4
80855人评价,你要相信，这世上真的有爱存在，不管在什么年纪 ,2011/韩国/剧情爱情,我爱你,240,9.0
156299人评价,我不信仰上帝，但我敬畏上帝。,1995/德国美国/剧情犯罪悬疑惊悚,非常嫌疑犯,241,8.6
155416人评价,世界上有那么多女人那么多酒馆，但她偏偏走进我的这家。,1942/美国/剧情爱情战争,卡萨布兰卡,242,8.6
123926人评价,一部能引人思考的科幻励志片。,1997/美国/剧情科幻惊悚,千钧一发,243,8.7
180174人评价,用剩余不多的时间，去燃烧整个生命。,2007/美国/冒险喜剧剧情,遗愿清单,244,8.6
231004人评价,每个人的内心都是深不可测的大海。 ,1999/美国/剧情爱情家庭,美国丽人,245,8.5
476908人评价,过去的如果就让它过去了，未来只会越来越糟！,2016/中国大陆/剧情喜剧,驴得水,246,8.3
133397人评价,要做就做得狠一点，这样才能活下去。,2013/韩国/剧情犯罪,新世界,247,8.7
517232人评价,揭露人性的丧尸题材力作。,2016/韩国/动作惊悚灾难,釜山行,248,8.4
79927人评价,来也匆匆去也匆匆，就这样风雨兼程。,2017/中国大陆/纪录片家庭,四个春天,249,8.9
178223人评价,一个人的独角戏。,2000/美国/冒险剧情,荒岛余生,250,8.5
